{
    "coord": {
        "lon": 144.9633,
        "lat": -37.814
    },
    "weather": [
        {
            "id": 801,
            "main": "Clouds",
            "description": "few clouds",
            "icon": "02d"
        }
    ],
    "base": "stations",
    "main": {
        "temp": 289.58,
        "feels_like": 288.56,
        "temp_min": 288.53,
        "temp_max": 290.82,
        "pressure": 1010,
        "humidity": 49
    },
    "visibility": 10000,
    "wind": {
        "speed": 11.83,
        "deg": 10,
        "gust": 16.98
    },
    "clouds": {
        "all": 20
    },
    "dt": 1686977725,
    "sys": {
        "type": 2,
        "id": 2008797,
        "country": "AU",
        "sunrise": 1686951265,
        "sunset": 1686985646
    },
    "timezone": 36000,
    "id": 2158177,
    "name": "Melbourne",
    "cod": 200
}