{
    "cod": "200",
    "message": 0,
    "cnt": 40,
    "list": [
        {
            "dt": 1686679200,
            "main": {
                "temp": 282.87,
                "feels_like": 280.28,
                "temp_min": 282.87,
                "temp_max": 283.15,
                "pressure": 1010,
                "sea_level": 1010,
                "grnd_level": 1006,
                "humidity": 89,
                "temp_kf": -0.28
            },
            "weather": [
                {
                    "id": 500,
                    "main": "Rain",
                    "description": "light rain",
                    "icon": "10n"
                }
            ],
            "clouds": {
                "all": 85
            },
            "wind": {
                "speed": 5.28,
                "deg": 287,
                "gust": 11.89
            },
            "visibility": 10000,
            "pop": 0.78,
            "rain": {
                "3h": 0.66
            },
            "sys": {
                "pod": "n"
            },
            "dt_txt": "2023-06-13 18:00:00"
        },
        {
            "dt": 1686690000,
            "main": {
                "temp": 282.98,
                "feels_like": 280.43,
                "temp_min": 282.98,
                "temp_max": 283.21,
                "pressure": 1010,
                "sea_level": 1010,
                "grnd_level": 1008,
                "humidity": 87,
                "temp_kf": -0.23
            },
            "weather": [
                {
                    "id": 500,
                    "main": "Rain",
                    "description": "light rain",
                    "icon": "10n"
                }
            ],
            "clouds": {
                "all": 86
            },
            "wind": {
                "speed": 5.27,
                "deg": 282,
                "gust": 11.56
            },
            "visibility": 10000,
            "pop": 0.36,
            "rain": {
                "3h": 0.15
            },
            "sys": {
                "pod": "n"
            },
            "dt_txt": "2023-06-13 21:00:00"
        },
        {
            "dt": 1686700800,
            "main": {
                "temp": 284.18,
                "feels_like": 283.45,
                "temp_min": 284.18,
                "temp_max": 284.83,
                "pressure": 1012,
                "sea_level": 1012,
                "grnd_level": 1009,
                "humidity": 81,
                "temp_kf": -0.65
            },
            "weather": [
                {
                    "id": 500,
                    "main": "Rain",
                    "description": "light rain",
                    "icon": "10d"
                }
            ],
            "clouds": {
                "all": 61
            },
            "wind": {
                "speed": 4.58,
                "deg": 281,
                "gust": 9.25
            },
            "visibility": 10000,
            "pop": 0.32,
            "rain": {
                "3h": 0.11
            },
            "sys": {
                "pod": "d"
            },
            "dt_txt": "2023-06-14 00:00:00"
        },
        {
            "dt": 1686711600,
            "main": {
                "temp": 286.07,
                "feels_like": 285.17,
                "temp_min": 286.07,
                "temp_max": 286.07,
                "pressure": 1013,
                "sea_level": 1013,
                "grnd_level": 1010,
                "humidity": 67,
                "temp_kf": 0
            },
            "weather": [
                {
                    "id": 500,
                    "main": "Rain",
                    "description": "light rain",
                    "icon": "10d"
                }
            ],
            "clouds": {
                "all": 84
            },
            "wind": {
                "speed": 4.86,
                "deg": 276,
                "gust": 8.62
            },
            "visibility": 10000,
            "pop": 0.49,
            "rain": {
                "3h": 0.5
            },
            "sys": {
                "pod": "d"
            },
            "dt_txt": "2023-06-14 03:00:00"
        },
        {
            "dt": 1686722400,
            "main": {
                "temp": 286.39,
                "feels_like": 285.21,
                "temp_min": 286.39,
                "temp_max": 286.39,
                "pressure": 1014,
                "sea_level": 1014,
                "grnd_level": 1010,
                "humidity": 55,
                "temp_kf": 0
            },
            "weather": [
                {
                    "id": 804,
                    "main": "Clouds",
                    "description": "overcast clouds",
                    "icon": "04d"
                }
            ],
            "clouds": {
                "all": 85
            },
            "wind": {
                "speed": 4.9,
                "deg": 278,
                "gust": 7.64
            },
            "visibility": 10000,
            "pop": 0.4,
            "sys": {
                "pod": "d"
            },
            "dt_txt": "2023-06-14 06:00:00"
        },
        {
            "dt": 1686733200,
            "main": {
                "temp": 283.55,
                "feels_like": 282.26,
                "temp_min": 283.55,
                "temp_max": 283.55,
                "pressure": 1015,
                "sea_level": 1015,
                "grnd_level": 1011,
                "humidity": 62,
                "temp_kf": 0
            },
            "weather": [
                {
                    "id": 803,
                    "main": "Clouds",
                    "description": "broken clouds",
                    "icon": "04n"
                }
            ],
            "clouds": {
                "all": 81
            },
            "wind": {
                "speed": 3.36,
                "deg": 329,
                "gust": 7.93
            },
            "visibility": 10000,
            "pop": 0,
            "sys": {
                "pod": "n"
            },
            "dt_txt": "2023-06-14 09:00:00"
        },
        {
            "dt": 1686744000,
            "main": {
                "temp": 282.8,
                "feels_like": 280.52,
                "temp_min": 282.8,
                "temp_max": 282.8,
                "pressure": 1015,
                "sea_level": 1015,
                "grnd_level": 1011,
                "humidity": 70,
                "temp_kf": 0
            },
            "weather": [
                {
                    "id": 803,
                    "main": "Clouds",
                    "description": "broken clouds",
                    "icon": "04n"
                }
            ],
            "clouds": {
                "all": 51
            },
            "wind": {
                "speed": 4.45,
                "deg": 355,
                "gust": 10.03
            },
            "visibility": 10000,
            "pop": 0,
            "sys": {
                "pod": "n"
            },
            "dt_txt": "2023-06-14 12:00:00"
        },
        {
            "dt": 1686754800,
            "main": {
                "temp": 284.55,
                "feels_like": 283.6,
                "temp_min": 284.55,
                "temp_max": 284.55,
                "pressure": 1014,
                "sea_level": 1014,
                "grnd_level": 1010,
                "humidity": 71,
                "temp_kf": 0
            },
            "weather": [
                {
                    "id": 804,
                    "main": "Clouds",
                    "description": "overcast clouds",
                    "icon": "04n"
                }
            ],
            "clouds": {
                "all": 90
            },
            "wind": {
                "speed": 4.87,
                "deg": 352,
                "gust": 11.39
            },
            "visibility": 10000,
            "pop": 0,
            "sys": {
                "pod": "n"
            },
            "dt_txt": "2023-06-14 15:00:00"
        },
        {
            "dt": 1686765600,
            "main": {
                "temp": 284.8,
                "feels_like": 283.87,
                "temp_min": 284.8,
                "temp_max": 284.8,
                "pressure": 1013,
                "sea_level": 1013,
                "grnd_level": 1010,
                "humidity": 71,
                "temp_kf": 0
            },
            "weather": [
                {
                    "id": 804,
                    "main": "Clouds",
                    "description": "overcast clouds",
                    "icon": "04n"
                }
            ],
            "clouds": {
                "all": 95
            },
            "wind": {
                "speed": 5.43,
                "deg": 346,
                "gust": 11.74
            },
            "visibility": 10000,
            "pop": 0,
            "sys": {
                "pod": "n"
            },
            "dt_txt": "2023-06-14 18:00:00"
        },
        {
            "dt": 1686776400,
            "main": {
                "temp": 283.89,
                "feels_like": 283,
                "temp_min": 283.89,
                "temp_max": 283.89,
                "pressure": 1014,
                "sea_level": 1014,
                "grnd_level": 1010,
                "humidity": 76,
                "temp_kf": 0
            },
            "weather": [
                {
                    "id": 804,
                    "main": "Clouds",
                    "description": "overcast clouds",
                    "icon": "04n"
                }
            ],
            "clouds": {
                "all": 100
            },
            "wind": {
                "speed": 5.75,
                "deg": 351,
                "gust": 12.08
            },
            "visibility": 10000,
            "pop": 0.06,
            "sys": {
                "pod": "n"
            },
            "dt_txt": "2023-06-14 21:00:00"
        },
        {
            "dt": 1686787200,
            "main": {
                "temp": 285.57,
                "feels_like": 284.75,
                "temp_min": 285.57,
                "temp_max": 285.57,
                "pressure": 1014,
                "sea_level": 1014,
                "grnd_level": 1011,
                "humidity": 72,
                "temp_kf": 0
            },
            "weather": [
                {
                    "id": 804,
                    "main": "Clouds",
                    "description": "overcast clouds",
                    "icon": "04d"
                }
            ],
            "clouds": {
                "all": 100
            },
            "wind": {
                "speed": 5.74,
                "deg": 350,
                "gust": 11.81
            },
            "visibility": 10000,
            "pop": 0.01,
            "sys": {
                "pod": "d"
            },
            "dt_txt": "2023-06-15 00:00:00"
        },
        {
            "dt": 1686798000,
            "main": {
                "temp": 287.71,
                "feels_like": 286.92,
                "temp_min": 287.71,
                "temp_max": 287.71,
                "pressure": 1013,
                "sea_level": 1013,
                "grnd_level": 1010,
                "humidity": 65,
                "temp_kf": 0
            },
            "weather": [
                {
                    "id": 804,
                    "main": "Clouds",
                    "description": "overcast clouds",
                    "icon": "04d"
                }
            ],
            "clouds": {
                "all": 100
            },
            "wind": {
                "speed": 5.52,
                "deg": 344,
                "gust": 9.76
            },
            "visibility": 10000,
            "pop": 0.03,
            "sys": {
                "pod": "d"
            },
            "dt_txt": "2023-06-15 03:00:00"
        },
        {
            "dt": 1686808800,
            "main": {
                "temp": 287.45,
                "feels_like": 286.76,
                "temp_min": 287.45,
                "temp_max": 287.45,
                "pressure": 1013,
                "sea_level": 1013,
                "grnd_level": 1010,
                "humidity": 70,
                "temp_kf": 0
            },
            "weather": [
                {
                    "id": 500,
                    "main": "Rain",
                    "description": "light rain",
                    "icon": "10d"
                }
            ],
            "clouds": {
                "all": 100
            },
            "wind": {
                "speed": 4.52,
                "deg": 338,
                "gust": 8.45
            },
            "visibility": 10000,
            "pop": 0.33,
            "rain": {
                "3h": 0.35
            },
            "sys": {
                "pod": "d"
            },
            "dt_txt": "2023-06-15 06:00:00"
        },
        {
            "dt": 1686819600,
            "main": {
                "temp": 286,
                "feels_like": 285.4,
                "temp_min": 286,
                "temp_max": 286,
                "pressure": 1014,
                "sea_level": 1014,
                "grnd_level": 1011,
                "humidity": 79,
                "temp_kf": 0
            },
            "weather": [
                {
                    "id": 500,
                    "main": "Rain",
                    "description": "light rain",
                    "icon": "10n"
                }
            ],
            "clouds": {
                "all": 99
            },
            "wind": {
                "speed": 4.79,
                "deg": 0,
                "gust": 10.45
            },
            "visibility": 10000,
            "pop": 0.31,
            "rain": {
                "3h": 0.35
            },
            "sys": {
                "pod": "n"
            },
            "dt_txt": "2023-06-15 09:00:00"
        },
        {
            "dt": 1686830400,
            "main": {
                "temp": 284.85,
                "feels_like": 284.22,
                "temp_min": 284.85,
                "temp_max": 284.85,
                "pressure": 1016,
                "sea_level": 1016,
                "grnd_level": 1012,
                "humidity": 82,
                "temp_kf": 0
            },
            "weather": [
                {
                    "id": 804,
                    "main": "Clouds",
                    "description": "overcast clouds",
                    "icon": "04n"
                }
            ],
            "clouds": {
                "all": 91
            },
            "wind": {
                "speed": 5.18,
                "deg": 354,
                "gust": 10.84
            },
            "visibility": 10000,
            "pop": 0.14,
            "sys": {
                "pod": "n"
            },
            "dt_txt": "2023-06-15 12:00:00"
        },
        {
            "dt": 1686841200,
            "main": {
                "temp": 284.45,
                "feels_like": 283.75,
                "temp_min": 284.45,
                "temp_max": 284.45,
                "pressure": 1016,
                "sea_level": 1016,
                "grnd_level": 1012,
                "humidity": 81,
                "temp_kf": 0
            },
            "weather": [
                {
                    "id": 801,
                    "main": "Clouds",
                    "description": "few clouds",
                    "icon": "02n"
                }
            ],
            "clouds": {
                "all": 23
            },
            "wind": {
                "speed": 5.23,
                "deg": 359,
                "gust": 10.67
            },
            "visibility": 10000,
            "pop": 0,
            "sys": {
                "pod": "n"
            },
            "dt_txt": "2023-06-15 15:00:00"
        },
        {
            "dt": 1686852000,
            "main": {
                "temp": 283.48,
                "feels_like": 282.76,
                "temp_min": 283.48,
                "temp_max": 283.48,
                "pressure": 1016,
                "sea_level": 1016,
                "grnd_level": 1012,
                "humidity": 84,
                "temp_kf": 0
            },
            "weather": [
                {
                    "id": 801,
                    "main": "Clouds",
                    "description": "few clouds",
                    "icon": "02n"
                }
            ],
            "clouds": {
                "all": 14
            },
            "wind": {
                "speed": 6.04,
                "deg": 2,
                "gust": 12.3
            },
            "visibility": 10000,
            "pop": 0,
            "sys": {
                "pod": "n"
            },
            "dt_txt": "2023-06-15 18:00:00"
        },
        {
            "dt": 1686862800,
            "main": {
                "temp": 283.4,
                "feels_like": 282.62,
                "temp_min": 283.4,
                "temp_max": 283.4,
                "pressure": 1016,
                "sea_level": 1016,
                "grnd_level": 1012,
                "humidity": 82,
                "temp_kf": 0
            },
            "weather": [
                {
                    "id": 800,
                    "main": "Clear",
                    "description": "clear sky",
                    "icon": "01n"
                }
            ],
            "clouds": {
                "all": 2
            },
            "wind": {
                "speed": 6.43,
                "deg": 1,
                "gust": 14.18
            },
            "visibility": 10000,
            "pop": 0,
            "sys": {
                "pod": "n"
            },
            "dt_txt": "2023-06-15 21:00:00"
        },
        {
            "dt": 1686873600,
            "main": {
                "temp": 285.48,
                "feels_like": 284.57,
                "temp_min": 285.48,
                "temp_max": 285.48,
                "pressure": 1017,
                "sea_level": 1017,
                "grnd_level": 1013,
                "humidity": 69,
                "temp_kf": 0
            },
            "weather": [
                {
                    "id": 800,
                    "main": "Clear",
                    "description": "clear sky",
                    "icon": "01d"
                }
            ],
            "clouds": {
                "all": 2
            },
            "wind": {
                "speed": 7.23,
                "deg": 358,
                "gust": 14.4
            },
            "visibility": 10000,
            "pop": 0,
            "sys": {
                "pod": "d"
            },
            "dt_txt": "2023-06-16 00:00:00"
        },
        {
            "dt": 1686884400,
            "main": {
                "temp": 288.81,
                "feels_like": 287.87,
                "temp_min": 288.81,
                "temp_max": 288.81,
                "pressure": 1015,
                "sea_level": 1015,
                "grnd_level": 1012,
                "humidity": 55,
                "temp_kf": 0
            },
            "weather": [
                {
                    "id": 800,
                    "main": "Clear",
                    "description": "clear sky",
                    "icon": "01d"
                }
            ],
            "clouds": {
                "all": 0
            },
            "wind": {
                "speed": 7.09,
                "deg": 356,
                "gust": 13.91
            },
            "visibility": 10000,
            "pop": 0,
            "sys": {
                "pod": "d"
            },
            "dt_txt": "2023-06-16 03:00:00"
        },
        {
            "dt": 1686895200,
            "main": {
                "temp": 288.98,
                "feels_like": 288,
                "temp_min": 288.98,
                "temp_max": 288.98,
                "pressure": 1015,
                "sea_level": 1015,
                "grnd_level": 1011,
                "humidity": 53,
                "temp_kf": 0
            },
            "weather": [
                {
                    "id": 800,
                    "main": "Clear",
                    "description": "clear sky",
                    "icon": "01d"
                }
            ],
            "clouds": {
                "all": 0
            },
            "wind": {
                "speed": 6.84,
                "deg": 354,
                "gust": 13.28
            },
            "visibility": 10000,
            "pop": 0,
            "sys": {
                "pod": "d"
            },
            "dt_txt": "2023-06-16 06:00:00"
        },
        {
            "dt": 1686906000,
            "main": {
                "temp": 287.18,
                "feels_like": 286.13,
                "temp_min": 287.18,
                "temp_max": 287.18,
                "pressure": 1016,
                "sea_level": 1016,
                "grnd_level": 1012,
                "humidity": 57,
                "temp_kf": 0
            },
            "weather": [
                {
                    "id": 800,
                    "main": "Clear",
                    "description": "clear sky",
                    "icon": "01n"
                }
            ],
            "clouds": {
                "all": 0
            },
            "wind": {
                "speed": 6.56,
                "deg": 359,
                "gust": 13.81
            },
            "visibility": 10000,
            "pop": 0,
            "sys": {
                "pod": "n"
            },
            "dt_txt": "2023-06-16 09:00:00"
        },
        {
            "dt": 1686916800,
            "main": {
                "temp": 286.15,
                "feels_like": 285.05,
                "temp_min": 286.15,
                "temp_max": 286.15,
                "pressure": 1016,
                "sea_level": 1016,
                "grnd_level": 1012,
                "humidity": 59,
                "temp_kf": 0
            },
            "weather": [
                {
                    "id": 800,
                    "main": "Clear",
                    "description": "clear sky",
                    "icon": "01n"
                }
            ],
            "clouds": {
                "all": 0
            },
            "wind": {
                "speed": 7.26,
                "deg": 360,
                "gust": 15.35
            },
            "visibility": 10000,
            "pop": 0,
            "sys": {
                "pod": "n"
            },
            "dt_txt": "2023-06-16 12:00:00"
        },
        {
            "dt": 1686927600,
            "main": {
                "temp": 285.17,
                "feels_like": 284.02,
                "temp_min": 285.17,
                "temp_max": 285.17,
                "pressure": 1015,
                "sea_level": 1015,
                "grnd_level": 1012,
                "humidity": 61,
                "temp_kf": 0
            },
            "weather": [
                {
                    "id": 800,
                    "main": "Clear",
                    "description": "clear sky",
                    "icon": "01n"
                }
            ],
            "clouds": {
                "all": 2
            },
            "wind": {
                "speed": 7.81,
                "deg": 0,
                "gust": 16.6
            },
            "visibility": 10000,
            "pop": 0,
            "sys": {
                "pod": "n"
            },
            "dt_txt": "2023-06-16 15:00:00"
        },
        {
            "dt": 1686938400,
            "main": {
                "temp": 284.82,
                "feels_like": 283.64,
                "temp_min": 284.82,
                "temp_max": 284.82,
                "pressure": 1015,
                "sea_level": 1015,
                "grnd_level": 1011,
                "humidity": 61,
                "temp_kf": 0
            },
            "weather": [
                {
                    "id": 802,
                    "main": "Clouds",
                    "description": "scattered clouds",
                    "icon": "03n"
                }
            ],
            "clouds": {
                "all": 29
            },
            "wind": {
                "speed": 8.11,
                "deg": 356,
                "gust": 17.69
            },
            "visibility": 10000,
            "pop": 0,
            "sys": {
                "pod": "n"
            },
            "dt_txt": "2023-06-16 18:00:00"
        },
        {
            "dt": 1686949200,
            "main": {
                "temp": 284.03,
                "feels_like": 282.79,
                "temp_min": 284.03,
                "temp_max": 284.03,
                "pressure": 1015,
                "sea_level": 1015,
                "grnd_level": 1011,
                "humidity": 62,
                "temp_kf": 0
            },
            "weather": [
                {
                    "id": 804,
                    "main": "Clouds",
                    "description": "overcast clouds",
                    "icon": "04n"
                }
            ],
            "clouds": {
                "all": 100
            },
            "wind": {
                "speed": 8.92,
                "deg": 356,
                "gust": 18.57
            },
            "visibility": 10000,
            "pop": 0,
            "sys": {
                "pod": "n"
            },
            "dt_txt": "2023-06-16 21:00:00"
        },
        {
            "dt": 1686960000,
            "main": {
                "temp": 284.81,
                "feels_like": 283.57,
                "temp_min": 284.81,
                "temp_max": 284.81,
                "pressure": 1014,
                "sea_level": 1014,
                "grnd_level": 1011,
                "humidity": 59,
                "temp_kf": 0
            },
            "weather": [
                {
                    "id": 804,
                    "main": "Clouds",
                    "description": "overcast clouds",
                    "icon": "04d"
                }
            ],
            "clouds": {
                "all": 100
            },
            "wind": {
                "speed": 9.41,
                "deg": 356,
                "gust": 18.92
            },
            "visibility": 10000,
            "pop": 0,
            "sys": {
                "pod": "d"
            },
            "dt_txt": "2023-06-17 00:00:00"
        },
        {
            "dt": 1686970800,
            "main": {
                "temp": 288.02,
                "feels_like": 286.87,
                "temp_min": 288.02,
                "temp_max": 288.02,
                "pressure": 1012,
                "sea_level": 1012,
                "grnd_level": 1008,
                "humidity": 50,
                "temp_kf": 0
            },
            "weather": [
                {
                    "id": 804,
                    "main": "Clouds",
                    "description": "overcast clouds",
                    "icon": "04d"
                }
            ],
            "clouds": {
                "all": 100
            },
            "wind": {
                "speed": 8.97,
                "deg": 357,
                "gust": 17.99
            },
            "visibility": 10000,
            "pop": 0,
            "sys": {
                "pod": "d"
            },
            "dt_txt": "2023-06-17 03:00:00"
        },
        {
            "dt": 1686981600,
            "main": {
                "temp": 288.37,
                "feels_like": 287.23,
                "temp_min": 288.37,
                "temp_max": 288.37,
                "pressure": 1011,
                "sea_level": 1011,
                "grnd_level": 1007,
                "humidity": 49,
                "temp_kf": 0
            },
            "weather": [
                {
                    "id": 804,
                    "main": "Clouds",
                    "description": "overcast clouds",
                    "icon": "04d"
                }
            ],
            "clouds": {
                "all": 100
            },
            "wind": {
                "speed": 8.31,
                "deg": 352,
                "gust": 16.53
            },
            "visibility": 10000,
            "pop": 0,
            "sys": {
                "pod": "d"
            },
            "dt_txt": "2023-06-17 06:00:00"
        },
        {
            "dt": 1686992400,
            "main": {
                "temp": 287.3,
                "feels_like": 286.05,
                "temp_min": 287.3,
                "temp_max": 287.3,
                "pressure": 1011,
                "sea_level": 1011,
                "grnd_level": 1008,
                "humidity": 49,
                "temp_kf": 0
            },
            "weather": [
                {
                    "id": 804,
                    "main": "Clouds",
                    "description": "overcast clouds",
                    "icon": "04n"
                }
            ],
            "clouds": {
                "all": 100
            },
            "wind": {
                "speed": 6.48,
                "deg": 344,
                "gust": 14.09
            },
            "visibility": 10000,
            "pop": 0.02,
            "sys": {
                "pod": "n"
            },
            "dt_txt": "2023-06-17 09:00:00"
        },
        {
            "dt": 1687003200,
            "main": {
                "temp": 284.73,
                "feels_like": 283.8,
                "temp_min": 284.73,
                "temp_max": 284.73,
                "pressure": 1014,
                "sea_level": 1014,
                "grnd_level": 1010,
                "humidity": 71,
                "temp_kf": 0
            },
            "weather": [
                {
                    "id": 500,
                    "main": "Rain",
                    "description": "light rain",
                    "icon": "10n"
                }
            ],
            "clouds": {
                "all": 100
            },
            "wind": {
                "speed": 4.62,
                "deg": 293,
                "gust": 9.01
            },
            "visibility": 10000,
            "pop": 0.31,
            "rain": {
                "3h": 0.14
            },
            "sys": {
                "pod": "n"
            },
            "dt_txt": "2023-06-17 12:00:00"
        },
        {
            "dt": 1687014000,
            "main": {
                "temp": 283.29,
                "feels_like": 282.37,
                "temp_min": 283.29,
                "temp_max": 283.29,
                "pressure": 1014,
                "sea_level": 1014,
                "grnd_level": 1010,
                "humidity": 77,
                "temp_kf": 0
            },
            "weather": [
                {
                    "id": 500,
                    "main": "Rain",
                    "description": "light rain",
                    "icon": "10n"
                }
            ],
            "clouds": {
                "all": 100
            },
            "wind": {
                "speed": 3.87,
                "deg": 330,
                "gust": 7.62
            },
            "visibility": 10000,
            "pop": 0.74,
            "rain": {
                "3h": 1.05
            },
            "sys": {
                "pod": "n"
            },
            "dt_txt": "2023-06-17 15:00:00"
        },
        {
            "dt": 1687024800,
            "main": {
                "temp": 282.39,
                "feels_like": 280.42,
                "temp_min": 282.39,
                "temp_max": 282.39,
                "pressure": 1013,
                "sea_level": 1013,
                "grnd_level": 1010,
                "humidity": 87,
                "temp_kf": 0
            },
            "weather": [
                {
                    "id": 500,
                    "main": "Rain",
                    "description": "light rain",
                    "icon": "10n"
                }
            ],
            "clouds": {
                "all": 100
            },
            "wind": {
                "speed": 3.6,
                "deg": 358,
                "gust": 6.33
            },
            "visibility": 10000,
            "pop": 0.77,
            "rain": {
                "3h": 2.01
            },
            "sys": {
                "pod": "n"
            },
            "dt_txt": "2023-06-17 18:00:00"
        },
        {
            "dt": 1687035600,
            "main": {
                "temp": 282.08,
                "feels_like": 279.94,
                "temp_min": 282.08,
                "temp_max": 282.08,
                "pressure": 1013,
                "sea_level": 1013,
                "grnd_level": 1009,
                "humidity": 87,
                "temp_kf": 0
            },
            "weather": [
                {
                    "id": 500,
                    "main": "Rain",
                    "description": "light rain",
                    "icon": "10n"
                }
            ],
            "clouds": {
                "all": 100
            },
            "wind": {
                "speed": 3.8,
                "deg": 6,
                "gust": 7.19
            },
            "visibility": 10000,
            "pop": 0.45,
            "rain": {
                "3h": 0.62
            },
            "sys": {
                "pod": "n"
            },
            "dt_txt": "2023-06-17 21:00:00"
        },
        {
            "dt": 1687046400,
            "main": {
                "temp": 282.9,
                "feels_like": 280.45,
                "temp_min": 282.9,
                "temp_max": 282.9,
                "pressure": 1013,
                "sea_level": 1013,
                "grnd_level": 1009,
                "humidity": 82,
                "temp_kf": 0
            },
            "weather": [
                {
                    "id": 500,
                    "main": "Rain",
                    "description": "light rain",
                    "icon": "10d"
                }
            ],
            "clouds": {
                "all": 100
            },
            "wind": {
                "speed": 4.94,
                "deg": 359,
                "gust": 8.26
            },
            "visibility": 10000,
            "pop": 0.45,
            "rain": {
                "3h": 0.12
            },
            "sys": {
                "pod": "d"
            },
            "dt_txt": "2023-06-18 00:00:00"
        },
        {
            "dt": 1687057200,
            "main": {
                "temp": 284.74,
                "feels_like": 283.65,
                "temp_min": 284.74,
                "temp_max": 284.74,
                "pressure": 1011,
                "sea_level": 1011,
                "grnd_level": 1007,
                "humidity": 65,
                "temp_kf": 0
            },
            "weather": [
                {
                    "id": 803,
                    "main": "Clouds",
                    "description": "broken clouds",
                    "icon": "04d"
                }
            ],
            "clouds": {
                "all": 54
            },
            "wind": {
                "speed": 5.31,
                "deg": 1,
                "gust": 7.12
            },
            "visibility": 10000,
            "pop": 0,
            "sys": {
                "pod": "d"
            },
            "dt_txt": "2023-06-18 03:00:00"
        },
        {
            "dt": 1687068000,
            "main": {
                "temp": 284.12,
                "feels_like": 283.05,
                "temp_min": 284.12,
                "temp_max": 284.12,
                "pressure": 1009,
                "sea_level": 1009,
                "grnd_level": 1006,
                "humidity": 68,
                "temp_kf": 0
            },
            "weather": [
                {
                    "id": 803,
                    "main": "Clouds",
                    "description": "broken clouds",
                    "icon": "04d"
                }
            ],
            "clouds": {
                "all": 58
            },
            "wind": {
                "speed": 6.43,
                "deg": 5,
                "gust": 10.18
            },
            "visibility": 10000,
            "pop": 0,
            "sys": {
                "pod": "d"
            },
            "dt_txt": "2023-06-18 06:00:00"
        },
        {
            "dt": 1687078800,
            "main": {
                "temp": 282.82,
                "feels_like": 279.85,
                "temp_min": 282.82,
                "temp_max": 282.82,
                "pressure": 1009,
                "sea_level": 1009,
                "grnd_level": 1006,
                "humidity": 74,
                "temp_kf": 0
            },
            "weather": [
                {
                    "id": 802,
                    "main": "Clouds",
                    "description": "scattered clouds",
                    "icon": "03n"
                }
            ],
            "clouds": {
                "all": 28
            },
            "wind": {
                "speed": 6.39,
                "deg": 3,
                "gust": 12.58
            },
            "visibility": 10000,
            "pop": 0,
            "sys": {
                "pod": "n"
            },
            "dt_txt": "2023-06-18 09:00:00"
        },
        {
            "dt": 1687089600,
            "main": {
                "temp": 283.82,
                "feels_like": 282.74,
                "temp_min": 283.82,
                "temp_max": 283.82,
                "pressure": 1008,
                "sea_level": 1008,
                "grnd_level": 1005,
                "humidity": 69,
                "temp_kf": 0
            },
            "weather": [
                {
                    "id": 803,
                    "main": "Clouds",
                    "description": "broken clouds",
                    "icon": "04n"
                }
            ],
            "clouds": {
                "all": 59
            },
            "wind": {
                "speed": 8.32,
                "deg": 348,
                "gust": 16.03
            },
            "visibility": 10000,
            "pop": 0.01,
            "sys": {
                "pod": "n"
            },
            "dt_txt": "2023-06-18 12:00:00"
        },
        {
            "dt": 1687100400,
            "main": {
                "temp": 283.61,
                "feels_like": 282.49,
                "temp_min": 283.61,
                "temp_max": 283.61,
                "pressure": 1005,
                "sea_level": 1005,
                "grnd_level": 1002,
                "humidity": 68,
                "temp_kf": 0
            },
            "weather": [
                {
                    "id": 803,
                    "main": "Clouds",
                    "description": "broken clouds",
                    "icon": "04n"
                }
            ],
            "clouds": {
                "all": 52
            },
            "wind": {
                "speed": 8.8,
                "deg": 351,
                "gust": 17.71
            },
            "visibility": 10000,
            "pop": 0,
            "sys": {
                "pod": "n"
            },
            "dt_txt": "2023-06-18 15:00:00"
        }
    ],
    "city": {
        "id": 2158177,
        "name": "Melbourne",
        "coord": {
            "lat": -37.814,
            "lon": 144.9633
        },
        "country": "AU",
        "population": 15000,
        "timezone": 36000,
        "sunrise": 1686691998,
        "sunset": 1686726440
    }
}